ROC_AUC,PR_AUC,Precision,Recall,F1
0.7187833195119062,0.07140235244747889,0.0,0.0,0.0
